/*
This file contains the Questions to be answered with SQL and also the code to run 
and create the 'COMPANY_SALES' database and tables required to answer the questions.
I will use MySQL for this work.
This is a dummy data created for the the purpose of this work and does not represent any real com[pany */

#THIS COMMAMD DELETES ANY TABLE THAT EXISTS WITH THE NAME COMPANY_SALES
DROP DATABASE IF EXISTS COMPANY_SALES;

#THIS COMMAND CREATES A NEW DATABASE CALLED COMPANY_SALES
CREATE DATABASE COMPANY_SALES;

#THIS COMMAND USES THE NEW DATABASE CREATED TO CREATE NOW TABLES
USE COMPANY_SALES;

#THIS COMMAND CREATES DATABASE TABLE CALLED STAFFTABLE.
Create Table stafftable 
(StaffNo VARCHAR(6), 
StaffName VARCHAR(15), 
StaffSex VARCHAR(6),
Age INTEGER 
)
;
#THIS COMMAND INSERTS VALUES INTO THE STAFF TABLE CREATED
Insert into stafftable VALUES
('EMP001','Chidera','Male',25),
('EMP002','Marcelo','Male',30),
('EMP003','Idicabasa','Female',28),
('EMP004','Patricia','Female',31),
('EMP005','Linda','Female',35),
('EMP006','Nnekie','Female',33),
('EMP007','Emelda','Female',29),
('EMP008','Riches','Male',30),
('EMP009','Muzungolis','Female',25);

#ANOTHER TABLE CALLED CUSTOMERTABLE IS CREATED HERE FOR THE COMPANY_SALES DATABASE THAT HOLDS INFORMATION ABOUT CUSTOMERS
Create Table customertable 
(CustomerCode VARCHAR(7), 
CustomerFirstName VARCHAR(10), 
CustomerLastName VARCHAR(15),
CustomerSex VARCHAR(6),
CustomerCountry VARCHAR(10),
Age INTEGER
);

#THIS COMMAND INSERTS VALUES INTO THE CUSTOMER TABLE  CREATED 
INSERT INTO customertable VALUES
('CT0001','Peter','Bright','Male','England',30),
('CT0002','George','Jack','Male','Congo',32),
('CT0003','Joy','Ambe','Female','Haiti',35),
('CT0004','William','Ekene','Male','Holland',30),
('CT0005','Gloria','Okoye','Female','China',28),
('CT0006','Precious','Kelly','Male','Australia',25),
('CT0007','Tolulope','Daniel','Male','Ghana',33),
('CT0008','Michelle','Obama','Female','Canada',32),
('CT0009','Simon','Malangwa','Male','Zimbabawe',25),
('CT0010','Grace','Johnson','Female','China',28),
('CT0011','Gerarld','Seniorman','Male','Congo',35),
('CT0012','Boboski','Indaboski','Male','Canada',30),
('CT0013','Robert','Green','Male','Nigeria',31),
('CT0014','Francissca','Martinez','Female','Brazil',32),
('CT0015','Festus','Adebayor','Male','Togo',22),
('CUST016','Anthoy','Klitchsko','Male','USA',28),
('CUST017','Kelly','Okocha','Male','Brazil',32),
('CT0018','Caroline','Daniel','Female','Cameroon',33),
('CT0019','William','Nisterlrooy','Male','Holland',31),
('CT0020','Verone','Bright','Female','Nigeria',42);

#THIS COMMAND CREATES SALESTABLE FOR THE COMPANY_SALES DATABASE
CREATE TABLE salestable
(StaffCode VARCHAR(6),
UnitsSold INTEGER,
Revenue INTEGER,
Cost INTEGER,
Profit INTEGER,
CustomerCode VARCHAR(7)
);

#THE COMMAND BELOW ADDS VALUE INTO THE CUSTOMER TABLE
INSERT INTO salestable VALUES
('EMP009',2351,11404,4276,7127,'CT0018'),
('EMP002',2699,9196,3448,5747,'CT0002'),
('EMP006',1760,6240,2340,3900,'CT0006'),
('EMP001',2716,9664,3624,6040,'CT0001'),
('EMP008',1789,4167,1736,2430,'CT0017'),
('EMP008',2736,7308,3045,4263,'CT0008'),
('EMP005',2835,8805,3668,5136,'CT0005'),
('EMP008',6293,1869,778,1090,'CT0017'),
('EMP003',2690,807,336,470,'CT0012'),
('EMP005',2547,8862,3692,5169,'CT0014'),
('EMP003',3465,2070,948,1121,'CT0003'),
('EMP008',2012,12552,5753,6799,'CT0017'),
('EMP003',2666,15876,7276,8599,'CT0012'),
('EMP008',19166,11496,5269,6227,'CT0017'),
('EMP001',2069,1614,739,874,'CT0001'),
('EMP003',5479,2745,1098,1647,'CT0003'),
('EMP001',1725,8625,3450,5175,'CT0019'),
('EMP009',2152,10760,4304,6456,'CT0018'),
('EMP004',2349,11745,4698,7047,'CT0004'),
('EMP004',1228,6140,2456,3684,'CT0013'),
('EMP005',1389,6945,2778,4167,'CT0014'),
('EMP003',1802,9010,3604,5406,'CT0012'),
('EMP001',2299,11495,4598,6897,'CT0010'),
('EMP007',1404,7020,2808,4212,'CT0007'),
('EMP001',2470,12350,4940,7410,'CT0019'),
('EMP003',1743,8715,3486,5229,'CT0003'),
('EMP003',2222,11110,4444,6666,'CT0003'),
('EMP005',345,345,69,276,'CT0005'),
('EMP002',2851,2851,570,2280,'CT0020'),
('EMP002',1283,1283,256,1026,'CT0020'),
('EMP003',1611,1611,322,1288,'CT0012'),
('EMP002',1778,8890,3911,4978,'CT0011'),
('EMP003',1228,6140,2701,3438,'CT0003'),
('EMP003',1085,8925,3570,5355,'CT0003'),
('EMP004',22061,11305,4522,6783,'CT0004'),
('EMP002',704,3520,1408,2112,'CT0020'),
('EMP003',2136,10680,4272,6408,'CT0012'),
('EMP008',1757,8785,3514,5271,'CT0017'),
('EMP009',1031,5155,2062,3093,'CT0018'),
('EMP003',2167,10835,4334,8501,'CT0012'),
('EMP006',1198,5990,2396,3894,'CT0015'),
('EMP002',1922,9610,3844,5766,'CT0002'),
('EMP006',1403,1403,280,1172,'CT0015'),
('EMP006',1757,1757,351,1405,'CT0006'),
('EMP008',2761,13805,6074,7730,'CT0017'),
('EMP008',1743,8715,3834,4880,'CT0017'),
('EMP009',908,3632,1362,2270,'CT0018'),
('EMP009',2851,11404,4276,7127,'CT0018'),
('EMP002',2299,9196,3448,5747,'CT0002'),
('EMP006',1560,6240,2340,3900,'CT0006'),
('EMP001',2416,9664,3624,6040,'CT0001'),
('EMP008',1389,4167,1736,2430,'CT0017'),
('EMP008',2436,7308,3045,4263,'CT0008'),
('EMP005',2935,8805,3668,5136,'CT0005'),
('EMP008',623,1869,778,1090,'CT0017'),
('EMP003',269,807,336,470,'CT0012'),
('EMP005',2954,8862,3692,5169,'CT0014'),
('EMP003',345,2070,948,1121,'CT0003'),
('EMP008',2092,12552,5753,6799,'CT0017'),
('EMP003',2646,15876,7276,8599,'CT0012'),
('EMP008',1916,11496,5269,6227,'CT0017'),
('EMP001',269,1614,739,874,'CT0001'),
('EMP003',549,2745,1098,1647,'CT0003'),
('EMP002',2536,15216,6974,8242,'CT0011'),
('EMP004',788,3940,1576,2364,'CT0013'),
('EMP007',2145,10725,4290,6435,'CT0015'),
('EMP009',1760,8800,3520,5280,'CT0017'),
('EMP003',1514,7570,3028,4542,'CT0018'),
('EMP003',2763,13815,5526,8289,'CT0019'),
('EMP001',1946,9730,3892,5838,'CT0020'),
('EMP002',367,1835,734,1101,'CT0010'),
('EMP003',1715,8575,3430,5145,'CT0020'),
('EMP001',380,1900,760,1140,'CT0010'),
('EMP001',2151,10755,4302,6453,'CT0018'),
('EMP003',1785,8925,3570,5355,'CT0003'),
('EMP004',2261,11305,4522,6783,'CT0004'),
('EMP002',704,3520,1408,2112,'CT0020'),
('EMP003',2136,10680,4272,6408,'CT0012'),
('EMP008',1757,8785,3514,5271,'CT0017'),
('EMP009',1031,5155,2062,3093,'CT0018'),
('EMP003',2167,10835,4334,6501,'CT0012'),
('EMP006',1198,5990,2396,3594,'CT0015'),
('EMP002',1922,9610,3844,5766,'CT0002'),
('EMP006',1403,1403,280,1122,'CT0015'),
('EMP006',1757,1757,351,1405,'CT0006'),
('EMP006',322,320,64,257,'CT0015'),
('EMP008',1857,1857,371,1485,'CT0008'),
('EMP004',1186,1186,237,948,'CT0004'),
('EMP004',321,1605,706,898,'CT0004'),
('EMP005',1403,7015,3086,3928,'CT0005'),
('EMP004',1005,3015,1256,1758,'CT0011'),
('EMP009',2145,12870,5898,6971,'CT0018'),
('EMP001',544,3264,1496,1768,'CT0010'),
('EMP007',655,3930,1801,2128,'CT0016'),
('EMP004',344,2064,946,1118,'CT0014'),
('EMP007',2605,15630,7163,8466,'CT0017'),
('EMP002',912,4560,1824,2736,'CT0001'),
('EMP009',1925,9625,3850,5775,'CT0019'),
('EMP009',2013,10065,4026,6039,'CT0007'),
('EMP004',671,3355,1342,2013,'CT0015'),
('EMP006',2076,10380,4567,5812,'CT0006'),
('EMP008',306,1530,673,856,'CT0017'),
('EMP008',2145,8580,3217,5362,'CT0017'),
('EMP009',1482,5928,2223,3705,'CT0018'),
('EMP007',1198,4792,1797,2995,'CT0007'),
('EMP004',1023,4092,1534,2557,'CT0004'),
('EMP009',1527,4581,1908,2672,'CT0018'),
('EMP001',1221,3663,1526,2136,'CT0001'),
('EMP002',2234,6702,2792,3909,'CT0020'),
('EMP006',2682,8046,3352,4693,'CT0006'),
('EMP007',2167,6501,2708,3792,'CT0016'),
('EMP003',1281,3843,1601,2241,'CT0003'),
('EMP004',704,4224,1936,2288,'CT0004'),
('EMP001',1033,6198,2840,3357,'CT0001'),
('EMP001',1221,7326,3357,3968,'CT0019'),
('EMP005',2076,12456,5709,6747,'CT0014'),
('EMP002',386,2316,1061,1254,'CT0020'),
('EMP002',2805,16830,7713,9116,'CT0002'),
('EMP009',766,3830,1532,2298,'CT0018'),
('EMP005',809,4045,1618,2427,'CT0014'),
('EMP002',1945,9725,3890,5835,'CT0020'),
('EMP002',2116,10580,4232,6348,'CT0020'),
('EMP003',1123,5615,2246,3369,'CT0003'),
('EMP006',2125,10625,4250,6375,'CT0006'),
('EMP008',2409,12045,4818,7227,'CT0017'),
('EMP004',2146,10730,4292,6438,'CT0013'),
('EMP002',1775,8875,3550,5325,'CT0020'),
('EMP003',2992,14960,5984,8976,'CT0012'),
('EMP005',1797,1797,359,1437,'CT0014'),
('EMP006',1159,1159,231,927,'CT0015'),
('EMP008',2500,2500,500,2000,'CT0008'),
('EMP007',334,334,66,267,'CT0016'),
('EMP009',2992,2992,598,2393,'CT0009'),
('EMP009',2966,14830,6525,8304,'CT0009'),
('EMP007',1159,5795,2549,3245,'CT0007'),
('EMP004',994,4970,2186,2783,'CT0013'),
('EMP006',970,4850,2134,2716,'CT0006'),
('EMP003',1770,8850,3894,4956,'CT0003'),
('EMP007',766,3064,1149,1915,'CT0016'),
('EMP005',214,856,321,535,'CT0014'),
('EMP007',1016,4064,1524,2540,'CT0016'),
('EMP008',887,3548,1330,2217,'CT0008'),
('EMP002',442,1768,663,1105,'CT0011'),
('EMP003',214,642,267,374,'CT0012'),
('EMP006',1945,5835,2431,3403,'CT0006'),
('EMP007',2297,6891,2871,4019,'CT0016'),
('EMP001',2215,6645,2768,3876,'CT0010'),
('EMP003',1870,5610,2337,3272,'CT0012'),
('EMP008',2966,17796,8156,9639,'CT0008'),
('EMP007',809,4854,2224,2629,'CT0016'),
('EMP006',588,3528,1617,1911,'CT0015'),
('EMP005',660,3960,1815,2145,'CT0014'),
('EMP002',2536,15216,6974,8242,'CT0011'),
('EMP004',788,3940,1576,2364,'CT0004'),
('EMP007',2145,10725,4290,6435,'CT0007'),
('EMP009',1760,8800,3520,5280,'CT0019'),
('EMP003',1514,7570,3028,4542,'CT0003'),
('EMP003',2763,13815,5526,8289,'CT0012'),
('EMP001',1946,9730,3892,5838,'CT0001'),
('EMP002',367,1835,734,1101,'CT0011'),
('EMP003',1715,8575,3430,5145,'CT0003'),
('EMP001',380,1900,760,1140,'CT0010'),
('EMP001',2151,10755,4302,6453,'CT0019'),
('EMP002',1660,1660,332,1328,'CT0020'),
('EMP002',720,720,144,576,'CT0002'),
('EMP004',1100,1100,220,880,'CT0013'),
('EMP002',1715,1715,343,1372,'CT0002'),
('EMP005',1727,1727,345,1381,'CT0005'),
('EMP008',1375,6875,3025,3850,'CT0017'),
('EMP002',947,4735,2083,2651,'CT0011'),
('EMP002',344,1720,756,963,'CT0020'),
('EMP005',1727,8635,3799,4835,'CT0014'),
('EMP006',1870,9350,4114,5236,'CT0015'),
('EMP008',494,1976,741,1235,'CT0017'),
('EMP003',1834,7336,2751,4585,'CT0012'),
('EMP006',367,1468,550,917,'CT0015'),
('EMP001',257,1285,514,771,'CT0014'),
('EMP005',1094,5470,2188,3282,'CT0015'),
('EMP002',873,4365,1746,2619,'CT0006'),
('EMP005',2105,10525,4210,6315,'CT0007'),
('EMP009',4026,20130,8052,12078,'CT0008'),
('EMP006',2394,11970,4788,7182,'CT0019'),
('EMP004',1366,6830,2732,4098,'CT0009'),
('EMP001',2632,13160,5264,7896,'CT0011'),
('EMP005',1583,7915,3166,4749,'CUST012'),
('EMP003',1565,7825,3130,4695,'CT0003'),
('EMP002',1249,6245,2498,3747,'CT014'),
('EMP001',2428,12140,4856,7284,'C0T015'),
('EMP002',700,3500,1400,2100,'CT0006'),
('EMP001',1614,8070,3228,4842,'CT0017'),
('EMP004',2559,12795,5118,7677,'CT0018'),
('EMP001',386,1544,579,965,'CT0011'),
('EMP005',2996,11984,4494,7490,'CT0010'),
('EMP003',266,798,332,465,'CT0013'),
('EMP001',349,1047,436,610,'CT0011'),
('EMP006',1265,3795,1581,2213,'CT0005'),
('EMP008',808,2424,1010,1414,'CT0018'),
('EMP009',2294,6882,2867,4014,'CT0019'),
('EMP005',2518,12590,5036,7554,'CT0014'),
('EMP003',1817,9085,3634,5451,'CT0013'),
('EMP008',2363,11815,4726,7089,'CT0018'),
('EMP009',1295,6475,2590,3885,'CT0010'),
('EMP007',1916,9580,3832,5748,'CT0019'),
('EMP007',2852,14260,5704,8556,'CT0017'),
('EMP002',1660,1660,332,1328,'CT0004'),
('EMP002',720,720,144,576,'CT0002'),
('EMP004',1100,1100,220,880,'CT0009'),
('EMP002',1715,1715,343,1372,'CT0010'),
('EMP006',970,4850,2134,2716,'CT0006'),
('EMP003',1770,8850,3894,4956,'CT0003'),
('EMP007',766,3064,1149,1915,'CT0016'),
('EMP005',214,856,321,535,'CT0006'),
('EMP007',1016,4064,1524,2540,'CT0009'),
('EMP008',887,3548,1330,2217,'CT0007'),
('EMP002',442,1768,663,1105,'CT0011'),
('EMP003',214,642,267,374,'CT0005'),
('EMP004',1023,4092,1534,2557,'CT0014'),
('EMP009',1527,4581,1908,2672,'CT0008'),
('EMP001',1221,3663,1526,2136,'CT0011'),
('EMP002',2234,6702,2792,3909,'CT0010'),
('EMP006',2682,8046,3352,4693,'CT0016'),
('EMP007',2167,6501,2708,3792,'CT0006'),
('EMP003',1281,3843,1601,2241,'CT0013'),
('EMP007',2729,13645,5458,8187,'CT0017'),
('EMP004',1774,8870,3548,5322,'CT0014'),
('EMP001',2009,10045,4018,6027,'CT0010'),
('EMP009',4251,21255,8502,12753,'CT0001'),
('EMP001',218,1090,436,654,'CT0020'),
('EMP007',727,3635,1599,2035,'CT0006'),
('EMP002',2548,12740,5605,7134,'CT0001'),
('EMP002',2015,10075,4433,5642,'CT0001'),
('EMP002',330,1320,495,825,'CT0012'),
('EMP008',263,1052,394,657,'CT0017'),
('EMP001',386,1544,579,965,'CT0019'),
('EMP005',2996,11984,4494,7490,'CT0010'),
('EMP003',266,798,332,465,'CT0013'),
('EMP001',349,1047,436,610,'CT0011'),
('EMP006',1265,3795,1581,2213,'CT0012'),
('EMP008',808,2424,1010,1414,'CT0019'),
('EMP009',2294,6882,2867,4014,'CT0016'),
('EMP003',267,801,333,467,'CT0019'),
('EMP002',663,3978,1823,2154,'CT0014'),
('EMP004',704,4224,1936,2288,'CT0010'),
('EMP001',1033,6198,2840,3357,'CT0009'),
('EMP001',1221,7326,3357,3968,'CT0008'),
('EMP005',2076,12456,5709,6747,'CT0007'),
('EMP002',386,2316,1061,1254,'CT0006'),
('EMP002',2805,16830,7713,9116,'CT0005'),
('EMP009',766,3830,1532,2298,'CT0004'),
('EMP005',809,4045,1618,2427,'CT0003'),
('EMP002',1945,9725,3890,5835,'CT0002'),
('EMP002',2116,10580,4232,6348,'CT0001'),
('EMP007',2605,15630,7163,8466,'CT0020'),
('EMP005',1727,1727,345,1381,'CT0019'),
('EMP008',1375,6875,3025,3850,'CT0017'),
('EMP002',947,4735,2083,2651,'CT0018'),
('EMP002',344,1720,756,963,'CT0015'),
('EMP005',1727,8635,3799,4835,'CT0014'),
('EMP006',1870,9350,4114,5236,'CT0016'),
('EMP008',494,1976,741,1235,'CT0013'),
('EMP003',1834,7336,2751,4585,'CT0012'),
('EMP006',367,1468,550,917,'CT0011'),
('EMP008',2706,10824,4059,6765,'CT0010'),
('EMP001',736,4416,2024,2392,'CT0014'),
('EMP003',2821,11284,4231,7052,'CT0010'),
('EMP009',494,1482,617,864,'CT0018'),
('EMP001',1940,5820,2425,3395,'CT0015'),
('EMP006',1514,4542,1892,2649,'CT0011'),
('EMP001',1123,3369,1403,1965,'CT0010'),
('EMP002',912,4560,1824,2736,'CT0001'),
('EMP009',1925,9625,3850,5775,'CT0019'),
('EMP009',2013,10065,4026,6039,'CT0019'),
('EMP004',671,3355,1342,2013,'CT0011'),
('EMP001',727,3635,1454,2181,'CT0010'),
('EMP004',2931,14655,5862,8793,'CT0014'),
('EMP006',386,1930,772,1158,'CT0007'),
('EMP007',380,1900,760,1140,'CT0016'),
('EMP009',267,1335,534,801,'CT0017'),
('EMP007',2007,10035,4014,6021,'CT0019'),
('EMP001',2498,2498,499,1998,'CT0011'),
('EMP008',663,663,132,530,'CT0018'),
('EMP001',1804,1804,360,1443,'CT0010'),
('EMP005',2996,2996,599,2396,'CT0015'),
('EMP008',1989,9945,4375,5569,'CT0010'),
('EMP001',671,3355,1476,1878,'CT0019'),
('EMP004',1421,8526,3907,4618,'CT0014'),
('EMP003',2294,13764,6308,7455,'CT0011'),
('EMP001',2574,15444,7078,8365,'CT0018'),
('EMP007',2438,14628,6704,7923,'CT0010'),
('EMP005',292,1460,584,876,'CT0015'),
('EMP002',330,1320,495,825,'CT0012'),
('EMP008',263,1052,394,657,'CT0018'),
('EMP001',2074,10370,4148,6222,'CT0019'),
('EMP003',2431,12155,4862,7293,'CT0018'),
('EMP001',1702,8510,3404,5106,'CT0011'),
('EMP009',723,3615,1446,2169,'CT0010'),
('EMP004',2518,2518,503,2014,'CT0009'),
('EMP007',2666,2666,533,2132,'CT0011'),
('EMP003',1830,1830,366,1464,'CT0002'),
('EMP002',1967,1967,393,1573,'CT0003'),
('EMP007',488,488,97,390,'CT0014'),
('EMP001',1075,8725,3950,5975,'CT0015'),
('EMP008',2706,10824,4059,6765,'CT0008'),
('EMP003',2821,11284,4231,7052,'CT0012'),
('EMP009',494,1482,617,864,'CT0009'),
('EMP001',1940,5820,2425,3395,'CT0010'),
('EMP006',1514,4542,1892,2649,'CT0015'),
('EMP001',1123,3369,1403,1965,'CT0001'),
('EMP004',1005,3015,1256,1758,'CT0013'),
('EMP009',2145,12870,5898,6971,'CT0018'),
('EMP001',544,3264,1496,1768,'CT0010'),
('EMP007',655,3930,1801,2128,'CT0016'),
('EMP004',344,2064,946,1118,'CT0004'),
('EMP006',322,320,64,257,'CT0015'),
('EMP008',1857,1857,371,1485,'CT0008'),
('EMP004',1186,1186,237,948,'CT0004'),
('EMP004',321,1605,706,898,'CT0004'),
('EMP005',1403,7015,3086,3928,'CT0005'),
('EMP006',2076,10380,4567,5812,'CT0006'),
('EMP008',306,1530,673,856,'CT0017'),
('EMP008',2145,8580,3217,5362,'CT0017'),
('EMP009',1482,5928,2223,3705,'CT0018'),
('EMP007',1198,4792,1797,2995,'CT0007'),
('EMP003',1123,5615,2246,3369,'CT0009'),
('EMP006',2125,10625,4250,6375,'CT0008'),
('EMP008',2409,12045,4818,7227,'CT0007'),
('EMP004',2146,10730,4292,6438,'CT0017'),
('EMP002',1775,8875,3550,5325,'CT0006'),
('EMP003',2992,14960,5984,8976,'CT0002'),
('EMP005',1797,1797,359,1437,'CT0009'),
('EMP006',1159,1159,231,927,'CT0010'),
('EMP008',2500,2500,500,2000,'CT0012'),
('EMP007',334,334,66,267,'CT0019'),
('EMP009',2992,2992,598,2393,'CT0020'),
('EMP009',2966,14830,6525,8304,'CT0007'),
('EMP007',1159,5795,2549,3245,'CT0009'),
('EMP004',994,4970,2186,2783,'CT0011'),
('EMP006',1945,5835,2431,3403,'CT0010'),
('EMP007',2297,6891,2871,4019,'CT0012'),
('EMP001',2215,6645,2768,3876,'CT0015'),
('EMP003',1870,5610,2337,3272,'CT0013'),
('EMP008',2966,17796,8156,9639,'CT0018'),
('EMP007',809,4854,2224,2629,'CT0006'),
('EMP006',588,3528,1617,1911,'CT0017'),
('EMP005',660,3960,1815,2145,'CT0019'),
('EMP002',2536,15216,6974,8242,'CT0004'),
('EMP001',671,3355,1476,1878,'CT0019'),
('EMP007',727,3635,1599,2035,'CT0014'),
('EMP002',2548,12740,5605,7134,'CT0013'),
('EMP002',2015,10075,4433,5642,'CT0018'),
('EMP002',5851,2851,570,2280,'CT0009'),
('EMP002',9283,1283,256,1026,'CT0019'),
('EMP003',4611,1611,322,1288,'CT0002'),
('EMP003',267,801,333,467,'CT0007'),
('EMP002',663,3978,1823,2154,'CT0002'),
('EMP001',736,4416,2024,2392,'CT0015'),
('EMP004',1421,8526,3907,4618,'CT0010'),
('EMP001',2574,15444,7078,8365,'CT0007'),
('EMP007',2438,14628,6704,7923,'CT0001'),
('EMP005',292,1460,584,876,'CT0010'),
('EMP005',2518,12590,5036,7554,'CT0009'),
('EMP003',1817,9085,3634,5451,'CT0015'),
('EMP008',2363,11815,4726,7089,'CT0008'),
('EMP009',1295,6475,2590,3885,'CT0017'),
('EMP007',1916,9580,3832,5748,'CT0011'),
('EMP002',1778,8890,3911,4978,'CT0010'),
('EMP003',2228,6140,2701,3438,'CT0009'),
('EMP008',3761,13805,6074,7730,'CT0007'),
('EMP008',5743,8715,3834,4880,'CT0010'),
('EMP004',788,3940,1576,2364,'CT0004'),
('EMP007',2145,10725,4290,6435,'CT0007'),
('EMP009',1760,8800,3520,5280,'CT0019'),
('EMP003',1514,7570,3028,4542,'CT0003'),
('EMP003',2763,13815,5526,8289,'CT0012'),
('EMP001',1946,9730,3892,5838,'CT0001'),
('EMP002',367,1835,734,1101,'CT0001'),
('EMP003',1715,8575,3430,5145,'CT0002'),
('EMP001',380,1900,760,1140,'CT0013'),
('EMP001',2151,10755,4302,6453,'CT0014'),
('EMP002',1660,1660,332,1328,'CT0014'),
('EMP002',720,720,144,576,'CT0012'),
('EMP004',1100,1100,220,880,'CT0019'),
('EMP002',1715,1715,343,1372,'CT0020'),
('EMP006',970,4850,2134,2716,'CT0016'),
('EMP003',1770,8850,3894,4956,'CT0013'),
('EMP007',766,3064,1149,1915,'CT0006'),
('EMP005',214,856,321,535,'CT0016'),
('EMP007',1016,4064,1524,2540,'CT0019'),
('EMP008',887,3548,1330,2217,'CT0017'),
('EMP002',442,1768,663,1105,'CT0001'),
('EMP003',214,642,267,374,'CT0015'),
('EMP004',1023,4092,1534,2557,'CT0004'),
('EMP009',1527,4581,1908,2672,'CT0018'),
('EMP001',1221,3663,1526,2136,'CT0001'),
('EMP002',2234,6702,2792,3909,'CT0020'),
('EMP006',2682,8046,3352,4693,'CT0006'),
('EMP007',2167,6501,2708,3792,'CT0016'),
('EMP003',1281,3843,1601,2241,'CT0003'),
('EMP004',704,4224,1936,2288,'CT0004'),
('EMP001',1033,6198,2840,3357,'CT0001'),
('EMP001',1221,7326,3357,3968,'CT0019'),
('EMP005',2076,12456,5709,6747,'CT0014'),
('EMP002',386,2316,1061,1254,'CT0020'),
('EMP002',2805,16830,7713,9116,'CT0002'),
('EMP009',766,3830,1532,2298,'CT0018'),
('EMP005',809,4045,1618,2427,'CT0014'),
('EMP002',1945,9725,3890,5835,'CT0020'),
('EMP002',2116,10580,4232,6348,'CT0020'),
('EMP007',2605,15630,7163,8466,'CT0007'),
('EMP005',1727,1727,345,1381,'CT0007'),
('EMP008',1375,6875,3025,3850,'CT0018'),
('EMP002',947,4735,2083,2651,'CT0010'),
('EMP002',344,1720,756,963,'CT0018'),
('EMP005',1727,8635,3799,4835,'CT0015'),
('EMP006',1870,9350,4114,5236,'CT0014'),
('EMP008',494,1976,741,1235,'CT0016'),
('EMP003',1834,7336,2751,4585,'CT0018'),
('EMP006',367,1468,550,917,'CT0017'),
('EMP008',2706,10824,4059,6765,'CT0018'),
('EMP003',2821,11284,4231,7052,'CT0012'),
('EMP009',494,1482,617,864,'CT0012'),
('EMP001',1940,5820,2425,3395,'CT0013'),
('EMP006',1514,4542,1892,2649,'CT0010'),
('EMP001',1123,3369,1403,1965,'CT0011'),
('EMP002',912,4560,1824,2736,'CT0011'),
('EMP009',1925,9625,3850,5775,'CT0009'),
('EMP009',2013,10065,4026,6039,'CT0009'),
('EMP004',671,3355,1342,2013,'CT0013'),
('EMP001',727,3635,1454,2181,'CT0019'),
('EMP004',2931,14655,5862,8793,'CT0004'),
('EMP006',386,1930,772,1158,'CT0015'),
('EMP007',380,1900,760,1140,'CT0007'),
('EMP009',267,1335,534,801,'CT0018'),
('EMP007',2007,10035,4014,6021,'CT0016'),
('EMP001',2498,2498,499,1998,'CT0001'),
('EMP008',663,663,132,530,'CT0008'),
('EMP001',1804,1804,360,1443,'CT0001'),
('EMP005',2996,2996,599,2396,'CT0005'),
('EMP008',1989,9945,4375,5569,'CT0008'),
('EMP001',671,3355,1476,1878,'CT0010'),
('EMP007',727,3635,1599,2035,'CT0016'),
('EMP002',2548,12740,5605,7134,'CT0011'),
('EMP002',2015,10075,4433,5642,'CT0011'),
('EMP002',330,1320,495,825,'CT0002'),
('EMP008',263,1052,394,657,'CT0008'),
('EMP001',386,1544,579,965,'CT0010'),
('EMP005',2996,11984,4494,7490,'CT0014'),
('EMP003',266,798,332,465,'CT0003'),
('EMP001',349,1047,436,610,'CT0001'),
('EMP006',1265,3795,1581,2213,'CT0015'),
('EMP008',808,2424,1010,1414,'CT0008'),
('EMP009',2294,6882,2867,4014,'CT0009'),
('EMP003',267,801,333,467,'CT0012'),
('EMP002',663,3978,1823,2154,'CT0020'),
('EMP001',736,4416,2024,2392,'CT0019'),
('EMP004',1421,8526,3907,4618,'CT0004'),
('EMP003',2294,13764,6308,7455,'CT0012'),
('EMP001',2574,15444,7078,8365,'CT0019'),
('EMP007',2438,14628,6704,7923,'CT0016'),
('EMP005',292,1460,584,876,'CT0005'),
('EMP002',330,1320,495,825,'CT0002'),
('EMP008',263,1052,394,657,'CT0008'),
('EMP001',386,1544,579,965,'CT0010'),
('EMP005',2996,11984,4494,7490,'CT0014'),
('EMP003',266,798,332,465,'CT0003'),
('EMP001',349,1047,436,610,'CT0001'),
('EMP006',1265,3795,1581,2213,'CT0015'),
('EMP008',808,2424,1010,1414,'CT0008'),
('EMP009',2294,6882,2867,4014,'CT0009'),
('EMP005',2518,12590,5036,7554,'CT0014'),
('EMP003',1817,9085,3634,5451,'CT0003'),
('EMP008',2363,11815,4726,7089,'CT0008'),
('EMP009',1295,6475,2590,3885,'CT0018'),
('EMP007',1916,9580,3832,5748,'CT0016'),
('EMP007',2852,14260,5704,8556,'CT0007'),
('EMP007',2729,13645,5458,8187,'CT0007'),
('EMP004',1774,8870,3548,5322,'CT0004'),
('EMP001',2009,10045,4018,6027,'CT0019'),
('EMP009',4251,21255,8502,12753,'CT0018'),
('EMP001',218,1090,436,654,'CT0019'),
('EMP001',2074,10370,4148,6222,'CT0001'),
('EMP003',2431,12155,4862,7293,'CT0012'),
('EMP001',1702,8510,3404,5106,'CT0019'),
('EMP001',257,1285,514,771,'CT0019'),
('EMP005',1094,5470,2188,3282,'CT0014'),
('EMP002',873,4365,1746,2619,'CT0020'),
('EMP005',2105,10525,4210,6315,'CT0005'),
('EMP009',4026,20130,8052,12078,'CT0009'),
('EMP006',2394,11970,4788,7182,'CT0015'),
('EMP004',1366,6830,2732,4098,'CT0004'),
('EMP001',2632,13160,5264,7896,'CT0010'),
('EMP005',1583,7915,3166,4749,'CUST014'),
('EMP003',1565,7825,3130,4695,'CT0003'),
('EMP002',1249,6245,2498,3747,'CT011'),
('EMP001',2428,12140,4856,7284,'C0T019'),
('EMP002',700,3500,1400,2100,'CT0020'),
('EMP001',1614,8070,3228,4842,'CT0019'),
('EMP004',2559,12795,5118,7677,'CT0013'),
('EMP009',723,3615,1446,2169,'CT0009'),
('EMP004',2518,2518,503,2014,'CT0004'),
('EMP007',2666,2666,533,2132,'CT0016'),
('EMP003',1830,1830,366,1464,'CT0003'),
('EMP002',1967,1967,393,1573,'CT0020'),
('EMP007',488,488,97,390,'CT0016'),
('EMP001',1075,8725,3950,5975,'CT0019'),
('EMP009',6152,10760,4304,8456,'CT0018'),
('EMP004',7349,11745,4698,7047,'CT0004'),
('EMP004',228,6140,2456,3684,'CT0013'),
('EMP005',1989,6945,2778,4167,'CT0014'),
('EMP003',1002,9010,3604,5406,'CT0012'),
('EMP001',2099,11495,4598,6897,'CT0010'),
('EMP007',1004,7020,2808,4212,'CT0007'),
('EMP001',23370,12350,4940,7410,'CT0019'),
('EMP003',17433,8715,3486,5229,'CT0003'),
('EMP003',2222,1111,4444,6666,'CT0003'),
('EMP005',1345,3445,69,276,'CT0005'),
('EMP001',727,3635,1454,2181,'CT0019'),
('EMP004',2931,14655,5862,8793,'CT0004'),
('EMP006',386,1930,772,1158,'CT0015'),
('EMP007',380,1900,760,1140,'CT0007'),
('EMP009',267,1335,534,801,'CT0018'),
('EMP007',2007,10035,4014,6021,'CT0016'),
('EMP001',2498,2498,499,1998,'CT0020'),
('EMP008',663,663,132,530,'CT0018'),
('EMP001',1804,1804,360,1443,'CT0011'),
('EMP005',2996,2996,599,2396,'CT0015'),
('EMP008',1989,9945,4375,5569,'CT0008'),
('EMP001',671,3355,1476,1878,'CT0018'),
('EMP007',727,3635,1599,2035,'CT0010'),
('EMP002',2548,12740,5605,7134,'CT0010'),
('EMP002',2015,10075,4433,5642,'CT0013'),
('EMP002',5851,2851,570,2280,'CT0020'),
('EMP002',9283,1283,256,1026,'CT0020'),
('EMP003',4611,1611,322,1288,'CT0012'),
('EMP003',267,801,333,467,'CT0017'),
('EMP002',663,3978,1823,2154,'CT0012'),
('EMP001',736,4416,2024,2392,'CT0020'),
('EMP004',1421,8526,3907,4618,'CT0014'),
('EMP003',2294,13764,6308,7455,'CT0010'),
('EMP001',2574,15444,7078,8365,'CT0010'),
('EMP007',2438,14628,6704,7923,'CT0011'),
('EMP005',292,1460,584,876,'CT0015'),
('EMP005',2518,12590,5036,7554,'CT0019'),
('EMP003',1817,9085,3634,5451,'CT0013'),
('EMP008',2363,11815,4726,7089,'CT0018'),
('EMP009',1295,6475,2590,3885,'CT0017'),
('EMP007',1916,9580,3832,5748,'CT0015'),
('EMP009',6152,10760,4304,8456,'CT0015'),
('EMP004',7349,11745,4698,7047,'CT0006'),
('EMP004',228,6140,2456,3684,'CT0017'),
('EMP005',1989,6945,2778,4167,'CT0018'),
('EMP003',1002,9010,3604,5406,'CT0010'),
('EMP001',2099,11495,4598,6897,'CT0019'),
('EMP007',1004,7020,2808,4212,'CT0009'),
('EMP001',23370,12350,4940,7410,'CT0018'),
('EMP003',17433,8715,3486,5229,'CT0008'),
('EMP003',2222,1111,4444,6666,'CT0007'),
('EMP005',1345,3445,69,276,'CT0006'),
('EMP001',727,3635,1454,2181,'CT0015'),
('EMP004',2931,14655,5862,8793,'CT0005'),
('EMP006',386,1930,772,1158,'CT0014'),
('EMP007',380,1900,760,1140,'CT0003'),
('EMP009',267,1335,534,801,'CT0012'),
('EMP007',2007,10035,4014,6021,'CT0011'),
('EMP001',2498,2498,499,1998,'CT0019'),
('EMP008',663,663,132,530,'CT0018'),
('EMP001',1804,1804,360,1443,'CT0011'),
('EMP005',2996,2996,599,2396,'CT0005'),
('EMP008',1989,9945,4375,5569,'CT0018'),
('EMP002',1778,8890,3911,4978,'CT0011'),
('EMP003',2228,6140,2701,3438,'CT0003'),
('EMP008',3761,13805,6074,7730,'CT0017'),
('EMP008',5743,8715,3834,4880,'CT0017'),
('EMP009',1108,3632,1362,2270,'CT0018');